{"player1_wins":836,"player2_wins":1164,"ties":0,"losses":[1.045078158378601,1.048931360244751,1.0563608407974244,1.0604981184005738,1.0533421039581299,1.0362324714660645,1.0558750629425049,1.0489259958267213,1.0479011535644532,1.0692516565322877,1.060224175453186,1.0536260604858399,1.0578572750091553,1.0571973323822022,1.0563747882843018,1.0608011484146119,1.0556509494781495,1.066266417503357,1.0524848699569703,1.0732505321502686,1.0512288808822632,1.0544928312301636,1.0667587518692017,1.0522924661636353,1.0574522018432618,1.051909327507019,1.0625169277191163,1.060964822769165,1.0585107803344727,1.065958857536316,1.0574734210968018,1.0556561946868897,1.0707439184188843,1.0579640865325928,1.0644155740737916,1.0457180738449097,1.0451549291610718,1.0507216453552247,1.0473136901855469,1.052724838256836,1.0536967515945435,1.0604029893875123,1.0463513135910035,1.0662928819656373,1.0572665929794312,1.0498740673065186,1.05503511428833,1.053272008895874,1.062224268913269,1.0622990131378174,1.0491588115692139,1.0455591678619385,1.0456864833831788,1.04501211643219,1.0502835512161255,1.0448613166809083,1.0619758367538453,1.0392141342163087,1.056254267692566,1.0403223037719727,1.043737769126892,1.0553609132766724,1.0375995635986329,1.0587025880813599,1.0629523992538453,1.0462862253189088,1.0549505949020386,1.0506068468093873,1.0491483211517335,1.036561131477356,1.050950288772583,1.0513110160827637,1.0488545894622803,1.0456715822219849,1.043057918548584,1.0466219186782838,1.0571184158325196,1.055293321609497,1.0413415431976319,1.0609462261199952,1.046729326248169,1.04510498046875,1.0325957536697388,1.0478706359863282,1.0373269319534302,1.0483700037002564,1.0492994785308838,1.0501012802124024,1.0414154529571534,1.046589970588684,1.0312414169311524,1.0432384014129639,1.0684213638305665,1.040280818939209,1.06843101978302,1.0317903757095338,1.0547127723693848,1.0400351285934449,1.029331922531128,1.0541213750839234,1.0339723825454713,1.028760552406311,1.0346345901489258,1.0199623107910157,1.0555830001831055,1.057337760925293,1.0403330326080323,1.0606058835983277,1.0359784364700318,1.035567045211792,1.046438217163086,1.022703766822815,1.0368804931640626,1.021252155303955,1.0299042463302613,1.012258768081665,1.019466519355774,1.021882176399231,1.05766761302948,1.0551081895828248,1.0334336757659913,1.029703140258789,1.0484166145324708,1.0235084295272828,1.0301886796951295,1.0285333395004273,1.0481781959533692,1.0408109426498414,1.0080337524414063,1.0705009698867798,1.0321853160858155,1.0765109062194825,1.02848219871521,1.0187236070632935,1.0440700054168702,1.0219093561172486,0.996954083442688,1.0062726736068726,1.0239259004592896,1.0417616367340088,1.0332045555114747,1.0110394954681397,1.0338139533996583,1.0434913635253907,0.9867211580276489,1.0371044874191285,0.9806016087532044,1.029598355293274,1.0123472213745118,1.0298590660095215,1.0124393701553345,1.0388787984848023,1.0454970598220826,1.0085211992263795,1.0356181859970093,0.9868032336235046,1.0033496618270875,1.01341712474823,0.9969020485877991,1.0118751525878907,1.0152169466018677,1.0190496444702149,1.036314606666565,0.9872699975967407,0.9710415005683899,0.9631332755088806,0.9985129833221436,0.9874481558799744,0.9980565905570984,0.9621332883834839,0.9567521810531616,0.9777493476867676,1.0073124170303345,0.9925803542137146,0.9827703237533569,0.932828962802887,0.963492751121521,0.9698736667633057,0.9854968786239624,0.9357591271400452,0.9383424520492554,0.919337809085846,0.9542602300643921,0.9931260347366333,0.9702842235565186,0.9303851127624512,1.014379620552063,0.9819869995117188,0.948102593421936,0.9759746193885803,0.9399228096008301,0.9184836149215698,0.9220645427703857,0.9640811681747437,0.9686213731765747,0.9826070666313171,0.9386870265007019,0.952750563621521,0.9087821245193481,0.9523992538452148],"step_counts":[17,99,108,101,6,108,97,13,12,95,7,45,5,103,95,92,43,104,94,86,32,124,159,91,30,160,94,93,108,113,122,83,110,17,115,84,10,37,101,13,141,7,25,92,151,114,96,109,106,80,10,157,103,91,38,115,9,107,7,86,108,18,14,103,151,107,8,113,106,25,133,108,146,24,96,94,105,103,105,8,95,41,102,14,87,5,129,105,26,14,116,88,95,108,85,88,169,12,10,123,90,110,97,94,29,114,108,123,114,100,135,122,99,108,20,114,49,19,20,115,87,110,109,114,241,103,39,113,21,88,121,39,96,98,7,104,117,88,3,4,109,98,26,150,134,55,105,89,91,89,24,7,114,38,97,115,110,32,105,24,94,13,19,97,35,32,31,102,106,109,31,110,107,114,22,106,6,118,93,111,4,17,102,94,25,110,98,23,19,107,100,108,114,114,26,116,112,25,97,114,114,20,2,101,115,99,97,28,107,93,106,123,140,15,113,160,20,8,29,106,118,23,90,112,15,88,2,117,89,142,103,22,172,115,92,99,99,31,21,96,37,15,10,109,28,116,115,176,118,135,41,10,99,118,4,90,105,107,89,93,53,126,13,2,3,91,116,5,165,21,108,31,107,104,120,98,19,18,8,115,134,140,83,113,31,166,118,112,94,101,108,110,32,23,86,31,110,20,111,4,87,115,11,116,113,150,122,95,16,101,132,16,91,97,5,10,119,102,94,4,118,25,110,110,100,6,93,100,98,86,107,2,26,29,99,6,15,95,6,8,106,36,32,120,118,26,87,97,136,27,16,42,129,94,91,98,10,113,8,120,4,147,55,108,114,104,98,101,100,101,103,91,46,115,116,18,24,89,114,142,25,33,70,106,95,121,93,107,89,93,9,95,2,103,94,55,104,114,90,122,101,96,117,32,86,106,93,108,26,91,114,113,110,106,107,6,33,119,125,118,8,172,103,89,115,144,127,25,114,154,126,110,100,102,91,130,12,4,101,14,109,94,110,102,87,156,26,18,113,95,110,18,2,132,105,135,125,47,37,101,124,92,6,97,100,107,2,98,14,87,101,91,103,34,151,124,106,112,5,109,94,101,29,96,98,50,2,31,44,97,119,18,97,104,51,168,43,4,118,97,86,99,97,128,117,110,98,87,109,9,99,24,102,89,29,101,33,17,118,25,13,94,45,117,139,116,27,81,130,104,6,118,146,97,92,105,116,107,132,122,103,119,110,106,91,35,57,42,91,97,85,84,95,115,107,12,104,117,39,43,86,108,21,108,102,104,137,106,95,118,89,101,80,107,109,101,97,108,109,99,106,102,43,112,80,111,101,6,115,97,125,102,103,6,89,111,95,91,98,102,4,43,107,89,106,20,122,153,143,6,118,33,95,20,93,39,112,7,86,100,115,97,159,101,92,20,125,94,108,18,102,91,12,90,102,14,6,109,2,107,126,112,2,110,122,111,92,120,103,108,102,109,108,8,168,135,107,22,115,34,10,93,7,96,112,20,101,10,112,25,120,101,8,96,106,34,9,106,32,181,11,26,111,115,104,18,92,111,89,120,107,127,4,120,96,112,49,110,106,39,3,18,106,109,126,97,117,86,89,36,37,27,113,89,115,31,98,87,98,120,103,19,8,19,93,106,89,104,20,106,14,109,18,4,109,112,92,98,28,122,145,11,102,104,16,91,146,31,21,103,8,106,96,152,151,8,96,122,119,5,126,98,114,98,86,95,8,39,116,12,83,98,102,106,3,92,35,100,57,31,95,103,94,36,108,14,107,2,112,99,33,27,116,5,103,106,92,110,92,95,125,36,93,98,110,111,85,6,83,87,105,14,113,19,94,32,114,82,100,113,162,98,123,97,129,149,100,90,120,109,17,3,93,104,92,106,96,100,96,114,107,89,97,83,104,97,87,93,105,34,95,110,25,110,108,96,39,106,98,104,96,49,43,9,114,19,156,87,99,109,11,40,102,3,122,109,93,83,92,30,37,120,94,103,5,2,97,129,31,44,107,105,87,96,22,49,108,25,99,3,88,2,153,107,15,88,7,100,95,27,96,119,109,124,102,129,112,13,115,98,7,100,102,114,11,96,15,39,98,119,90,4,15,112,17,139,99,20,99,132,96,99,112,27,99,95,96,85,90,107,123,101,92,38,18,45,4,113,97,125,106,130,34,112,3,3,10,85,90,93,8,93,101,13,107,103,96,8,87,117,109,124,12,119,96,108,114,7,97,97,110,94,12,85,115,102,104,93,115,102,100,96,10,120,89,105,34,39,92,94,34,104,116,125,101,92,81,115,29,110,86,93,103,12,14,14,28,101,17,137,13,5,82,96,111,17,5,109,44,118,83,23,100,10,98,105,100,84,131,84,20,90,10,97,90,105,101,39,40,52,74,106,113,105,97,37,81,10,93,140,108,31,122,96,95,106,102,87,13,4,95,99,103,25,112,15,132,18,102,97,40,90,99,117,96,97,5,91,20,140,90,108,83,104,115,107,98,91,13,21,122,94,17,123,98,95,107,109,122,117,16,103,83,116,112,112,9,123,88,96,121,7,104,110,112,102,12,115,108,87,112,113,107,122,109,123,120,106,111,14,87,107,119,11,123,111,95,4,98,90,111,2,123,119,114,97,115,98,182,98,88,93,111,77,104,114,88,104,3,129,112,98,102,108,101,116,8,17,143,92,114,104,93,34,99,109,84,106,35,3,94,11,19,136,95,7,100,98,88,100,104,89,5,116,100,103,119,125,41,105,98,107,98,84,94,86,37,29,105,110,84,99,113,44,103,92,113,97,96,115,